id,title,description,image_name
1,兴安落叶松,大兴安岭的金色巨木,dahurian_larch.png
2,白桦,森林中洁白的哨兵,silver_birch.png
3,越橘,北国红豆，熊的浆果盛宴,lingonberry.png
4,杜香,散发浓郁香气的林下灌木,labrador_tea.png
5,黄芪,林缘的传奇药草,astragalus.png
6,大兴安岭阿波罗绢蝶,姿态优雅的珍稀绢蝶,apollo_butterfly.png
7,星鸦,储藏松子的记忆大师,spotted_nutcracker.png
8,鹿角锹甲,拥有巨颚的森林角斗士,stag_beetle.png
9,黑嘴松鸡,针叶林中的求偶舞者,black_billed_capercaillie.png
10,大山雀,活泼好动的林间歌手,great_tit.png
11,松鸦,吵闹多彩的森林信使,eurasian_jay.png
12,黑凤蝶,翅膀闪耀着光泽的大型凤蝶,chinese_peacock_butterfly.png
13,普通䴓,能倒立行走的攀树高手,eurasian_nuthatch.png
14,蚁蛉,制造沙地陷阱的猎手,antlion.png
15,龙虱,池塘中的水下捕食者,great_diving_beetle.png
16,东北雨蛙,能攀上枝头的绿色精灵,far_eastern_tree_frog.png
17,极北蝰,大兴安岭唯一的毒蛇,common_adder.png
18,黑龙江林蛙,冰水下越冬的耐寒强者,amur_frog.png
19,中华蟾蜍,适应力极强的常见蟾蜍,asiatic_toad.png
20,狍子,好奇心极强的“傻狍子”,roe_deer.png
21,蒙古兔,冬季会变色的草原奔跑者,tolai_hare.png
22,松鼠,林间的坚果收集者,squirrel.png
23,花鼠,背上有五道条纹的活泼精灵,chipmunk.png
24,马鹿,拥有雄伟鹿角的大型鹿,red_deer.png
25,黄鼬,捕鼠能手“黄大仙”,siberian_weasel.png
26,赤狐,机智美丽的森林机会主义者,red_fox.png
27,貂熊,性情凶猛的鼬科猛兽,wolverine.png
28,香鼬,冬季披上纯白外衣的敏捷猎手,stoat.png
29,亚洲狗獾,善于挖洞的夜行杂食者,asian_badger.png
30,驼鹿,世界上最大的森林巨兽,moose.png
31,猞猁,行踪诡秘的耳尖猎手,lynx.png
32,棕熊,力量惊人的森林王者,brown_bear.png
33,岩高兰,高山岩石地带的顽强灌木,crowberry.png
34,偃松,匍匐生长的山顶“爬松”,dwarf_siberian_pine.png
35,北方红花鹿蹄草,林下阴湿处的珍稀红花,pink_wintergreen.png
36,黑琴鸡,在求偶场“斗舞”的森林鸟类,black_grouse.png
37,鬼鸮,叫声奇特的夜行猛禽,boreal_owl.png
38,东北虎,独行于雪域的百兽之王,siberian_tiger.png
39,中华秋沙鸭,激流中的潜水健将,scaly_sided_merganser.png
40,哲罗鲑,淡水河流中的巨型掠食者,taimen.png
41,火烧兰,火灾后重生的奇迹之花,fire_orchid.png
42,高山鼠兔,高山草甸上的“表情包”精灵,alpine_pika.png
43,雪兔,暴风雪中的白色幽灵,mountain_hare.png